n_confounds,confounded_min_mean,confounded_min_max,direct_min_mean,direct_min_min,oracle_full_mean,clean_margin_exists
1,0.00028613316889708945,0.0012950899362242307,0.14467890940193365,0.12286540290417758,0.00028652254790585105,True
2,0.0005345329232041832,0.0014825970555432792,0.061764471706104856,0.04658125300725239,0.0005345329232041832,True
3,0.0009821844178631506,0.002548551000001565,0.03949354264459023,0.02634810353068782,0.0009821844178631506,True
4,0.04976443939716772,0.06023395837097712,0.03024933902602153,0.019862199287060487,0.0014276900758575213,False
5,0.07450279097838426,0.08554750227610859,0.023443790247283696,0.012844124675267835,0.0021319626634923026,False
